{"bundesliga": -0.3306736274989625, "la-liga": 1.367380135333548, "ligue-1": -1.1350148835775202, "premier-league": 0.6524101299303857, "serie-a": -0.5541017541874508}